id,time,activity,appCat.builtin,appCat.communication,appCat.entertainment,appCat.finance,appCat.game,appCat.office,appCat.other,appCat.social,appCat.travel,appCat.unknown,appCat.utilities,appCat.weather,call,circumplex.arousal,circumplex.valence,mood,screen,sms
AS14.01,2014-02-27,,,,,,,,,,,,,,,0.0,0.3333333333333333,6.333333333333333,,
AS14.01,2014-03-23,0.14274111580506366,12.134396226415095,53.4420306122449,31.448666666666668,10.85075,,,12.137166666666667,50.04661111111111,,,30.086,30.386,,0.2,0.8,6.8,67.06764357868985,
AS14.01,2014-03-26,0.10130832167007592,8.460123188405797,47.061534031413615,130.06842857142857,8.721833333333334,,,16.249666666666666,124.1097027027027,,,33.365,,,-0.2,0.6,6.6,94.38966092159006,
AS14.01,2014-03-30,0.049092970521542,7.818207547169812,61.83357142857143,170.63077777777778,,,,12.333833333333333,55.895,,33.2385,38.296,,,-0.5,0.75,7.5,167.52644447927136,
AS14.01,2014-04-05,0.1190023022034455,163.00204301075271,37.70818,76.369,,,,11.590428571428571,45.401,31.324166666666667,,13.217333333333334,,,-0.4,0.6,6.8,53.022714285623465,
AS14.01,2014-04-11,0.07998620207306052,24.064507142857142,27.57514049586777,123.508625,15.682166666666667,,,8.575333333333333,45.90823076923077,34.234,,23.849777777777778,,,-1.2,0.8,7.0,85.58411382271994,
AS14.01,2014-04-12,0.07224906147031816,5.600851851851853,143.37136956521738,182.20683333333332,,,,11.290428571428572,44.072,5.031,,14.09568,,,-0.75,0.75,7.25,250.01721278657294,
AS14.01,2014-04-13,0.014021328954370726,6.301619718309859,47.68673913043479,62.348,9.157,,,8.564454545454545,17.250999999999998,,,,,,-1.25,1.0,8.0,57.307171406064725,
AS14.01,2014-04-27,0.030478923798963695,15.747731707317074,50.65620833333333,137.29281818181818,,,,105.66839999999999,13.735,,,10.056333333333333,,,0.0,1.0,7.5,107.5577735855895,
AS14.01,2014-04-29,0.10275824852950448,38.056928057553954,48.53981012658228,65.10554166666667,,166.6525,,8.0944,102.87125,20.991,,21.601894736842105,,,-0.25,1.0,7.0,77.1891372460945,
AS14.01,2014-05-02,0.07734101929677568,6.628633333333334,58.27880882352941,58.814666666666675,34.508,,,6.4886,45.36858823529411,,,5.5415,,,-0.2,1.0,7.6,120.70815200614929,
AS14.01,2014-05-04,0.13619180837703837,18.50987368421053,52.838890625000005,154.73433333333332,,,,7.1049999999999995,98.93539999999999,,,,,,-0.5,1.0,8.0,92.01867186650632,
AS14.01,2014-05-05,0.007842595452107337,13.283242424242424,37.58122727272727,318.514,,,,,25.104,,,66.08275,,,,,,137.594923074429,
AS14.02,2014-04-24,0.0344827586206897,,,,,,,,,,,,,,-0.5,-0.5,7.0,,
AS14.02,2014-04-25,,,,,,,,,,,,,,,-1.0,1.0,9.0,,
AS14.03,2014-04-06,0.07677201548523706,3.6876666666666664,28.090115384615384,54.284615384615385,,,,170.7655,,,23.094,,,,0.2,0.8,6.8,91.34165149385288,
AS14.03,2014-04-09,0.0921222333052219,7.9476666666666675,10.912357142857143,17.897454545454547,15.8675,,5.423333333333333,5.724615384615385,,,25.127,,,,0.6,1.0,7.8,19.929460670171153,
AS14.03,2014-04-11,0.12018808327176551,17.0265,19.527563218390803,55.865875,17.149,,4.58,29.507666666666665,,,28.343,4.513,,,0.2,1.0,7.6,55.37689999209514,
AS14.03,2014-04-22,0.09285561446082308,6.636526315789474,29.137129032258063,35.49068181818182,,,13.182666666666668,7.3491,,,23.108,,,,0.4,0.8,7.6,37.1637340454345,
AS14.03,2014-04-24,0.10600109223606825,9.639583333333333,42.01702985074627,19.641651685393256,26.177,,,17.668222222222223,,,17.439,,,,-0.2,1.0,7.4,49.93473469724461,
AS14.03,2014-04-25,0.10616761822048394,8.424800000000001,89.12332584269663,33.666171717171714,10.82575,,59.49933333333333,11.524799999999999,,,27.2505,10.174,,,-1.0,1.0,7.5,106.50705882147243,
AS14.03,2014-04-27,0.06555207175889922,4.47,22.467256410256407,110.17941791044777,,,,121.71419999999998,,60.10355555555556,18.783333333333335,,,,-1.4,1.0,7.6,66.9738860643363,
AS14.03,2014-04-29,0.1186958482249048,10.3895,19.484923913043477,10.716202127659574,34.24957142857143,,6.506,8.331125,,,13.057,,,,-0.6,1.0,7.2,32.19223683131369,
AS14.03,2014-04-30,0.08969224082903049,19.1088,27.407279411764705,30.404454545454545,,,,12.17242857142857,,,20.75,8.135,,,-1.2,1.0,7.0,50.592259248097726,
AS14.03,2014-05-07,0.09445035643820726,55.36007692307692,17.463565789473684,18.51559375,,,2.3175,23.631727272727275,,,37.386,,,,-0.6666666666666666,1.0,7.666666666666667,39.90363636883822,
AS14.03,2014-05-08,0.0,,,,,,,,,,,,,,,,,,
AS14.05,2014-03-19,0.13369126492653632,16.843357142857144,55.39411538461538,12.275916666666665,,,,15.299625,,,7.797666666666667,7.545,,,1.0,0.75,6.75,72.56916668017703,
AS14.05,2014-03-22,0.018560992335206163,6.5205,37.881689655172416,16.048025000000003,,,,10.73190909090909,,,,7.036,,,-2.0,-1.0,3.75,36.860816318161646,
AS14.05,2014-04-01,0.07812598561494999,11.209878048780489,60.84993478260869,15.066344262295083,,,,11.4465,50.92957142857143,,8.748,9.5655,,,0.0,1.0,7.0,53.359482751495555,
AS14.05,2014-04-02,0.07312614127423468,17.660454545454545,32.36274074074074,12.064925925925925,,,,10.247181818181817,51.466499999999996,,29.27066666666667,5.053000000000001,,,-0.2,1.0,7.0,42.56383543074887,
AS14.05,2014-04-03,0.05275148533518809,64.3240909090909,44.512897058823526,7.87225,,,,9.621,107.46033333333332,,,,,,-1.0,0.8,7.2,68.54404476151532,
AS14.05,2014-04-11,0.0946152502759936,28.94417142857143,71.3641791044776,5.51691,,,21.127,7.768307692307692,24.181,,,5.04,,,0.2,0.6,7.0,69.11880001180316,
AS14.05,2014-04-14,0.1017234451157769,15.6069,27.752925925925926,2.97387786259542,,,,18.5785,40.75107142857143,,123.1965,24.69966666666667,,,-1.2,0.4,6.4,30.896740456573838,
AS14.05,2014-04-15,0.05729654885661261,64.94816666666667,51.15107142857143,11.364094339622643,,,,99.19449999999999,74.37557142857142,,21.9536,5.612,,,0.2,0.8,7.0,99.21430264334928,
AS14.05,2014-04-16,0.10564943114617577,11.2237,44.37508333333333,2.9023580246913583,,,,14.052333333333333,33.036071428571425,,,7.731333333333333,,,-0.6,0.8,7.2,22.519443032107763,
AS14.05,2014-04-17,0.11503845562252696,18.201125,52.33034615384615,3.976209090909091,,,,14.470999999999998,119.10114285714285,,10.01325,8.072799999999999,,,0.4,0.6,6.6,62.08523863283073,
AS14.05,2014-04-20,0.03538299274192724,33.896272727272724,39.29329921259843,10.156508196721312,,,,9.2726,70.05961904761905,,30.061333333333334,10.992,,,-1.2,1.0,7.2,82.75793478022453,
AS14.05,2014-04-21,0.10177745806111636,24.086,46.765322834645666,4.527765432098766,,,,10.438666666666666,58.86772727272727,5.029,55.333,13.4393125,,,-0.6,1.0,7.2,81.5297708312671,
AS14.05,2014-04-24,0.0393710661860602,25.89623529411765,49.6736835443038,2.9169411764705884,,,,8.320428571428572,54.3865,,7.0277142857142865,10.037,,,-0.75,1.0,7.2,68.42789189879957,
AS14.05,2014-04-27,0.018822482895967975,13.007200000000001,46.61179411764706,4.896106382978723,,,,27.196875,30.764176470588236,,,9.84475,,,-0.6,1.0,7.4,38.56759494769423,
AS14.05,2014-04-29,0.04116509714674098,,44.19217741935484,10.808425925925926,,,,11.767833333333334,260.73833333333334,,21.93475,5.061999999999999,,,0.4,0.8,6.8,51.071279983520505,
AS14.05,2014-04-30,0.06160851782272659,15.7905,39.32382666666666,3.9842692307692307,,,,21.430666666666667,69.0296,,40.659200000000006,10.068,,,-0.6,1.0,7.0,50.86072602337352,
AS14.05,2014-05-01,0.025292275106005607,24.506357142857144,45.22273913043478,2.8266875000000002,,,,13.9338,165.06833333333336,,,,,,-0.2,1.0,6.8,61.2512650461082,
AS14.05,2014-05-05,0.0024906600249066002,,8.19275,5.155,,,,10.221,,,,,,,-0.3333333333333333,1.0,6.333333333333333,16.344333410263058,
AS14.06,2014-03-25,0.1377085877085877,38.96233333333333,45.70810465116279,15.305964285714285,,,23.078166666666664,18.703333333333333,48.596222222222224,,,,,,-0.2,0.6,7.0,72.24084112800169,
AS14.06,2014-03-29,0.11158088235294117,10.803666666666667,40.901804347826086,6.7226923076923075,,,,16.911166666666666,39.29759375,,,,,,0.0,1.0,7.8,55.81615714005064,
AS14.06,2014-04-04,0.1495238095238096,53.7424375,57.74320967741936,8.991118421052633,,272.78866666666664,,8.3464,98.76733333333333,78.566,,,,,-0.4,0.2,7.0,116.82078750133512,
AS14.06,2014-04-11,0.20591670956453667,9.6836,37.67074358974359,31.014668292682924,,,90.136,12.324200000000001,71.69042222222222,25.18,,,,,-0.2,1.0,7.8,64.30718867508871,
AS14.06,2014-04-12,0.23391223155929042,23.423181818181817,28.431124999999998,15.654919999999999,,371.671,,18.1786,71.592,35.4435,,,16.081,,0.4,1.0,8.2,85.83840817821267,
AS14.06,2014-04-20,0.029657567049808403,21.023,38.4176,13.393684782608696,,,,8.785666666666666,92.69340625,,,,,,0.6,0.8,8.2,103.74392453679495,
AS14.06,2014-04-27,0.05971583946078428,,37.787214285714285,4.854684931506849,,,,10.511199999999999,54.488307692307686,83.32,,,,,-0.6,1.0,7.2,35.631979177395515,
AS14.06,2014-04-28,0.17232443482443488,12.56575,45.18768478260869,6.260230337078651,,,15.741500000000002,7.30725,49.18303125,,,,,,-0.25,0.5,6.75,67.47472165786112,
AS14.06,2014-05-03,0.2202587145969499,2.0045,34.31403448275862,3.5571060606060607,,,123.711,12.647833333333333,49.4587,,,,,,-0.75,0.0,6.25,43.83709090406246,
AS14.06,2014-05-04,0.16709055715309384,30.50208333333333,39.324425000000005,2.8684526315789474,,,,22.571166666666667,130.07054545454545,4.015,46.99850000000001,,,,-0.8,0.75,7.6,82.6223616904401,
AS14.06,2014-05-05,0.082037037037037,4.8448,39.64079032258065,5.991403225806452,,,,7.86225,95.36438095238096,56.464,,,,,-0.6666666666666666,0.6666666666666666,7.0,87.15775409682851,
AS14.06,2014-05-08,0.0,,151.73149999999998,7.466,,,,,63.596,,,,,,-1.0,1.0,7.0,,
AS14.07,2014-03-21,,14.965349999999999,30.31673846153846,130.52083333333334,,,,11.2845,92.9798,54.867999999999995,,31.218,,,0.3333333333333333,1.0,7.0,193.01218279715508,
AS14.07,2014-03-22,,15.005485714285715,38.89967272727273,309.7326666666667,,,,71.54400000000001,116.87118181818182,307.123,114.432,,,,-0.4,0.0,6.0,81.62830370797055,
AS14.07,2014-03-23,,20.640787878787876,23.68440307692308,105.46600000000001,,,,28.33375,51.102333333333334,,,,,,0.0,1.5,7.75,35.798729813726325,
AS14.07,2014-04-15,0.019623337804315216,11.4907,65.36383333333333,176.67214285714286,,,,18.11925,209.23014285714285,,,,,,-0.75,0.5,6.0,143.05919671840354,
AS14.07,2014-04-19,0.003125470618354867,16.84684615384615,21.68642,138.522,,,,23.686,64.124,,,,,,0.25,0.75,7.0,53.97355264738987,
AS14.07,2014-04-20,0.08680555555555557,5.535777777777778,61.230029411764704,14.091,,,,10.042,212.53825,,28.115666666666666,,,,-2.0,-1.0,3.0,372.9457222753099,
AS14.07,2014-04-21,0.061785468319559195,13.801025974025976,59.93694565217391,413.20616666666666,,,,16.218333333333334,97.46603703703704,244.99733333333333,38.7365,,,,-0.4,0.8,6.6,156.24849150140415,
AS14.07,2014-04-26,0.018915739069801873,19.978613636363637,85.81269642857144,108.74000000000001,,,,31.45657142857143,72.24523076923077,,204.887,,,,-0.4,-0.2,5.4,177.52765120461947,
AS14.07,2014-04-30,0.02414791881612267,-772.7685576923076,71.18409655172414,359.22425,,,,415.46750000000003,69.806,,41.3824,,,,-2.0,0.5,5.0,75.76471579953251,
AS14.07,2014-05-01,0.10358452683650247,11.582414634146343,77.5701320754717,144.158,,,,10.729999999999999,116.71728571428571,,49.2575,,,,-1.6666666666666667,-0.3333333333333333,5.0,151.14050002230533,
AS14.07,2014-05-02,0.05910464220123313,42.69760869565217,90.96177611940298,166.687,,,,71.17316666666666,69.02108333333334,,56.0475,,,,-0.6,0.6,6.2,91.71010767863355,
AS14.07,2014-05-04,0.08229166666666671,18.256310344827586,98.18668181818181,51.12933333333333,,,,9.085,50.315,,,,,,-1.0,1.0,8.0,110.08585002422328,
AS14.07,2014-05-05,,,,,,,,,,,,,,,-1.5,0.5,5.5,,
AS14.08,2014-03-05,,,,,,,,,,,,,,,0.0,0.3333333333333333,6.333333333333333,,
AS14.08,2014-03-08,,,,,,,,,,,,,,,0.0,1.0,7.0,,
AS14.08,2014-03-09,,,,,,,,,,,,,,,-1.0,1.2,7.2,,
AS14.08,2014-03-12,,,,,,,,,,,,,,,0.6,1.0,7.0,,
AS14.08,2014-03-16,,29.845999999999997,103.14482352941177,,,,,7.034375,46.9405,,,11.119,,,-1.25,1.25,7.0,152.50643749535087,
AS14.08,2014-03-17,0.00555555555555555,4.041714285714286,205.82199999999997,,,,,6.839499999999999,498.1381428571429,,,,,,0.0,0.2,5.4,50.667464290346395,
AS14.08,2014-03-18,0.028491361781937872,2.96,28.675840000000004,47.59666666666667,,,,6.7338571428571425,25.214812499999997,,,,,,-0.2,0.6,6.4,59.91681816361166,
AS14.08,2014-03-22,0.022231454452349513,3.5189999999999997,173.16088,,,,,6.165285714285714,37.72975,89.938,,16.075,,,-0.4,0.8,6.4,41.26638096854799,
AS14.08,2014-03-24,0.04630791276266164,2.4045,17.641363636363636,,,,,7.431857142857142,44.74242105263158,,,5.531499999999999,,,-0.8,1.0,6.8,59.636151508851505,
AS14.08,2014-03-30,0.0784470781932718,4.963,9.121458333333333,,,,,7.1803333333333335,50.6555,,,,,,0.0,0.6,6.8,38.994649946689606,
AS14.08,2014-03-31,0.07893465181771635,3.048,21.58461403508772,6.728000000000001,,,,8.444333333333333,20.79190909090909,,,14.035,,,0.0,1.2,7.6,41.76352499127387,
AS14.08,2014-04-01,0.062353854585312354,3.5256250000000002,39.59975609756097,11.513125,,,,6.643222222222223,64.95446666666666,,,3.005,,,-1.0,1.0,7.2,64.82559376955035,
AS14.08,2014-04-02,0.008289547359385422,16.932,90.49210000000001,19.154,,,,5.748222222222222,18.926000000000002,,,20.146,,,-0.4,0.8,6.6,40.988823568119706,
AS14.08,2014-04-03,0.07876788563729693,3.6467,29.935582278481014,,,,,7.143866666666667,28.105777777777778,,,16.859,,,0.0,1.3333333333333333,7.0,42.35250744534964,
AS14.08,2014-04-05,0.12841414141414143,2.16,29.744093749999998,76.908,,,,6.6659999999999995,30.167666666666666,,,8.5285,,,0.2,1.2,7.4,59.84303448118014,
AS14.08,2014-04-06,0.007280235288804587,17.27625,17.471684210526316,5.516,,,,6.8792,29.600944444444444,,,11.055,,,0.0,1.25,7.6,68.2109473880969,
AS14.08,2014-04-08,0.05814829222796919,3.0847272727272728,23.466776119402983,46.5835,,,,7.0817499999999995,25.688809523809525,,,15.598500000000001,,,-0.25,0.5,6.5,38.85586365063984,
AS14.08,2014-04-09,0.04036626596543953,12.518222222222223,49.170611111111114,,,,,722.7522,117.10358823529411,,,6.016,,,0.25,0.5,6.25,70.71764706864076,
AS14.08,2014-04-10,0.20657326274273782,4.752947368421053,41.0615974025974,230.726,,,,16.5062,15.950418181818183,,,15.860999999999999,,,1.2,1.4,7.6,58.143399998346965,
AS14.08,2014-04-12,0.025027439155129106,,127.49046666666665,,,,,10.8724,37.104499999999994,,,,,,0.0,0.8,7.0,33.3507826120957,
AS14.08,2014-04-13,0.0048270957916190715,2.715666666666667,18.811514285714285,73.85433333333334,,,,17.062142857142856,119.75916666666667,,,5.043,,,0.0,1.2,7.6,59.39885715075903,
AS14.08,2014-04-14,0.06490308655585147,3.423692307692308,40.244375,81.273,,,45.241,10.169583333333334,37.389266666666664,,,7.84825,,,0.2,0.6,6.6,59.07027587808415,
AS14.08,2014-04-15,0.03409090909090908,18.461529411764705,73.83710714285714,36.189,,,,7.740142857142857,41.86570588235294,,,,,,-0.8,0.6,6.4,95.43872724879878,
AS14.08,2014-04-16,0.06859735641438541,5.822952380952381,30.478892857142856,11.229000000000001,,,48.299,6.4755714285714285,35.03235294117648,,,6.678,,,-0.6,0.8,6.6,52.25039392529111,
AS14.08,2014-04-17,0.09718156742586877,7.4287333333333345,19.18647169811321,36.17925,,,,23.612374999999997,24.150892857142857,185.81116666666665,,3.038,,,-1.0,0.8,6.2,72.43126665221317,
AS14.08,2014-04-18,0.049041986144740375,2.2342500000000003,10.472529411764706,,,,,8.474,48.49392857142857,,,,,,-0.4,0.6,6.0,42.57309088923713,
AS14.08,2014-04-19,0.039002894386140255,14.102695652173914,42.0103,29.521666666666665,,,,5.866625,47.487869565217395,,22.302,7.023,,,1.4,1.2,7.8,84.11889281443202,
AS14.08,2014-04-20,0.004899344795389425,286.479875,8.5042,43.38550000000001,,,,7.274600000000001,245.19708333333332,,17.156,15.074,,,-1.2,0.8,6.4,62.742238078798586,
AS14.08,2014-04-21,0.029294959666751913,6.9324615384615385,46.17,437.264,,,5.032,6.2616,29.214322580645163,,,6.026,,,-1.0,0.6,6.4,90.2649565054023,
AS14.08,2014-04-22,0.07739994303879248,13.6865,25.655225806451615,21.094,,,,6.714,40.15490476190476,,,,,,-0.6,0.4,6.0,58.68467740858753,
AS14.08,2014-04-23,0.1249760272490379,12.825333333333333,19.349703703703703,,,,,7.300571428571429,25.642588235294117,,,,,,0.0,0.4,5.6,33.07500000710182,
AS14.08,2014-04-24,0.12800591195077682,3.783714285714286,27.623195652173912,27.632,,,,49.76127272727273,46.214333333333336,,,,,,0.3333333333333333,1.0,6.666666666666667,53.11427025537235,
AS14.08,2014-04-25,0.028321012544802848,7.691416666666666,369.6935,,,,163.344,8.6175,40.643600000000006,,,,,,0.0,0.8,6.333333333333333,95.46938098044627,
AS14.08,2014-04-26,0.047178819444444485,18.430666666666664,19.5715,,,,,5.831799999999999,33.946285714285715,,,,,,-0.5,0.25,6.0,36.981263185802256,
AS14.08,2014-04-28,0.02225241545893721,21.325833333333332,8.767357142857144,109.162,,,,7.571833333333333,46.1776,,,,,,-0.8,0.6,5.8,48.04211113187999,
AS14.08,2014-04-29,0.030996148459383754,3.073571428571429,26.299068181818186,37.136,,,,9.84375,57.85049999999999,,,,,,-0.25,0.25,5.75,65.33670967625032,
AS14.08,2014-04-30,0.03482503992976501,4.309,102.98087096774194,50.6385,,,,7.6628,29.06105555555556,,,,,,-0.5,1.0,6.666666666666667,159.96003994941682,
AS14.08,2014-05-01,0.037314098552964456,16.118,367.89714814814806,625.2913333333333,,,,9.507666666666667,44.289699999999996,,,101.276,,,0.4,0.8,7.0,202.17762964743142,
AS14.08,2014-05-02,0.1817380077030812,4.9703333333333335,7.8980500000000005,29.418,,,,9.148,39.68127272727273,,,3.172,,,-0.4,1.0,7.2,46.87813336054483,
AS14.08,2014-05-03,0.22181372986475956,7.246833333333334,47.23107142857143,,,,,6.104499999999999,36.430416666666666,,6.071,11.0535,,,0.4,1.0,7.4,44.16289999485014,
AS14.08,2014-05-05,0.0026041666666666687,,7.316800000000001,,,,,5.55375,51.1205,,,,,,-1.0,1.0,6.666666666666667,43.969166636466944,
AS14.09,2014-03-22,0.06284722222222221,21.294285714285714,41.3393076923077,28.613447204968946,,,4.436333333333333,18.378875,61.284000000000006,64.43900000000001,,1.003,3.02,,0.0,0.6666666666666666,7.0,52.87911236687992,
AS14.09,2014-03-24,0.07916666666666668,8.608285714285715,36.6488488372093,6.066676136363636,10.898399999999999,,2.0454999999999997,13.938833333333335,50.17527777777778,20.879083333333334,29.518363636363635,6.888999999999999,,,0.5,0.5,7.25,55.42041122133486,
AS14.09,2014-04-05,0.11562500000000002,7.578714285714285,33.95594382022472,10.228613526570047,,80.992,1.012,15.339400000000001,54.6,,,1.007,,,0.0,0.75,7.5,48.795473222221645,
AS14.09,2014-04-06,0.1388888888888889,13.4846,34.80207228915663,17.628566502463055,51.71,,4.025,7.535571428571429,65.107,,4.098,5.5805,24.224,,-0.4,0.8,6.8,69.52085439209802,
AS14.09,2014-04-07,0.07812500000000003,17.4613,47.91672727272727,10.693851612903226,38.169,,3.043,9.103142857142858,60.2318,23.2108,,,15.058666666666667,,-0.5,0.0,6.2,62.25208141637402,
AS14.09,2014-04-11,0.1142857142857143,2.008,21.86574285714286,9.337337837837838,23.749,,,9.648,,74.8635,25.55116666666667,,,,0.0,0.6,6.8,139.05192497968662,
AS14.09,2014-04-16,0.015584415584415586,5.060499999999999,32.854875,18.238782608695654,,,,29.612,,,,,,,-0.5,-0.25,5.5,53.52563639120621,
AS14.09,2014-04-19,0.11314935064935065,2.6314,44.79376470588235,9.42333870967742,,,4.028,10.4015,18.238,158.462,,,,,0.25,1.0,8.0,59.2649062201381,
AS14.09,2014-04-20,0.041548295454545435,2.012,41.36833333333333,8.3588,,,,,267.892,20.442666666666668,,,,,0.0,0.25,6.25,22.162157912003366,
AS14.09,2014-04-25,0.11581439393939394,4.023,23.00957142857143,13.952114285714286,47.889,,,8.504333333333333,,,17.815,,14.066,,0.25,1.0,7.25,34.15554056296476,
AS14.09,2014-04-26,0.11026936026936031,14.9464,45.72704347826087,6.129090909090909,67.75166666666667,,,12.924999999999999,8.226,,,,25.462,,0.0,1.0,8.0,59.91150000095367,
AS14.09,2014-04-27,,,,,,,,,,,,,,,-1.0,0.25,6.25,,
AS14.09,2014-04-28,,,,,,,,,,,,,,,0.0,0.6,6.6,,
AS14.09,2014-04-29,,,,,,,,,,,,,,,-0.5,0.5,6.75,,
AS14.09,2014-04-30,,,,,,,,,,,,,,,-0.5,0.75,7.0,,
AS14.09,2014-05-01,,,,,,,,,,,,,,,-0.25,0.75,7.5,,
AS14.09,2014-05-02,,,,,,,,,,,,,,,0.0,0.8,7.6,,
AS14.09,2014-05-03,,,,,,,,,,,,,,,0.25,0.75,7.75,,
AS14.09,2014-05-04,,,,,,,,,,,,,,,0.2,0.4,6.6,,
AS14.09,2014-05-05,,,,,,,,,,,,,,,-1.0,0.5,6.0,,
AS14.12,2014-04-06,0.08721111947339887,6.677882352941176,23.71157142857143,127.26500000000001,,,,7.869,117.98211111111111,31.485818181818185,,,,,0.25,0.75,6.25,67.09592857814967,
AS14.12,2014-04-07,0.12565511935667534,10.312548387096774,23.372999999999998,70.72645454545454,9.8758,36.11266666666667,5.036,9.956,93.89744827586206,41.43083333333333,,4.766444444444444,,,0.2,1.0,6.4,65.91710989291853,
AS14.12,2014-04-09,0.16551672904404247,120.63169169960474,52.02482352941177,111.31685714285715,12.706000000000001,59.93766666666667,44.98675,8.202,62.043421875,10.978166666666667,,5.798666666666667,,,0.0,-0.5,5.25,80.03757969883907,
AS14.12,2014-04-10,0.13382078343157316,10.215120772946861,26.07385714285714,39.83827272727273,,5.149,,9.355333333333332,78.73823809523809,,,,,,0.2,0.6,6.4,68.26766666403987,
AS14.12,2014-04-12,0.08403201429421403,11.277169291338582,36.27965384615384,35.449473684210524,,,11.059,14.5812,68.28206060606061,45.925615384615384,,4.022666666666667,,,0.0,0.8,6.8,56.11691538737369,
AS14.12,2014-04-18,0.07997912314877687,6.12966923076923,26.312833333333334,29.562384615384612,4.632,,,10.8596,62.98826,29.759875,,4.026,,,-0.6,0.8,6.6,64.1790543405906,
AS14.12,2014-04-20,0.22026726549487374,14.202897810218978,46.536125,69.65405263157895,,110.08279999999999,27.49,10.264199999999999,62.15360810810811,17.223399999999998,,2.380666666666667,,,0.4,1.0,6.4,87.62833139369658,
AS14.12,2014-05-04,0.11459872269952807,24.46189147286822,89.03925000000001,50.10888,,,,8.8382,149.63258064516128,,,,,,-0.8,-0.2,4.8,108.75581161526664,
AS14.13,2014-03-16,,10.722999999999999,43.29553333333333,37.964,,,,48.289857142857144,38.07986666666667,,23.663,,,,-1.0,0.2,6.4,83.4051525269524,
AS14.13,2014-03-17,,14.466619718309861,30.761545454545455,,,,,30.498826086956523,42.651,59.037000000000006,,6.259,,,0.0,0.8,6.6,32.11036733461886,
AS14.13,2014-03-18,,11.592708333333334,150.8266923076923,1232.164,,,,42.65891304347826,18.942818181818183,,,,,,-0.2,0.8,7.0,29.241638282512103,
AS14.13,2014-03-19,,27.254482758620693,73.41804615384615,358.3003333333333,,,,175.14995833333333,18.407,,,,,,-0.2,1.2,7.8,118.47190624289223,
AS14.13,2014-03-20,0.2875173962358836,12.843555555555556,36.632617224880384,47.910999999999994,,,,52.243666666666655,41.467,,,,,,0.8,0.2,6.4,47.598922646506736,
AS14.13,2014-03-22,0.09397349961866085,21.525976744186046,44.1159274611399,67.16714705882353,,,,23.7234,38.51923529411765,,,,,,1.4,1.6,8.4,76.0997345668298,
AS14.13,2014-03-25,0.09856848536516054,16.88514285714286,36.94154700854701,34.7495,,,,59.982157894736844,29.335615384615384,50.09,,25.496,,,1.2,1.8,7.6,48.8053203832756,
AS14.13,2014-03-28,0.3355837397178655,16.081657142857143,30.32545508982036,110.019,,,11.122666666666667,13.891692307692306,54.35116363636364,18.786785714285713,,,,,-1.0,1.2,7.6,75.93969999849796,
AS14.13,2014-03-29,0.37008537798408486,8.334791666666666,44.77968421052631,59.45225,,,,13.06377777777778,24.07737037037037,,,43.997,,,-1.8,1.0,7.2,60.407698938923495,
AS14.13,2014-03-30,0.1106315203947191,9.100666666666667,39.477378378378376,39.204181818181816,,,,125.4165,15.819166666666666,,,,,,-0.6,0.8,6.2,73.23049230392161,
AS14.13,2014-04-02,0.37120794503799426,13.464689655172414,72.1907630662021,57.951,,,,14.28857142857143,39.55171428571428,,,,,,-1.2,1.0,7.4,41.231565009318125,
AS14.13,2014-04-05,0.15646127217935726,30.605999999999998,51.68586026200873,61.05477777777777,,,,18.30630769230769,27.516000000000002,,,,,,0.2,0.8,6.8,80.37630322364065,
AS14.13,2014-04-06,0.32032102320237915,44.436187499999996,43.296661971830986,49.54271428571428,,,,8.255357142857143,26.31315,56.6804,52.81175,,,,0.25,0.75,6.25,69.3798999885718,
AS14.13,2014-04-14,0.26101854320329393,12.985,23.92758163265306,,,,,15.405384615384614,11.898388888888888,,28.387999999999998,,,,-0.6,1.0,6.8,30.698981363580838,
AS14.13,2014-04-18,0.1181818181818182,10.014199999999999,11.546233333333333,,,,,5.221125,11.093666666666666,,,,,,-1.0,-1.0,3.5,26.786894748085423,
AS14.13,2014-04-20,0.26218487394957973,4.4247499999999995,47.35791304347826,5.725,,,15.035,6.7467500000000005,25.118142857142857,,,,,,-1.6,0.6,6.6,34.70958334491366,
AS14.13,2014-04-21,0.15710176822377517,10.912875,63.531014598540146,,,,,160.23093333333333,13.959200000000001,21.873,,,,,-1.4,1.0,7.4,95.93214953279936,
AS14.13,2014-04-25,0.44056884395745244,22.712325,25.32733653846154,,,,,20.5896,52.37084375,,15.714578947368421,,,,-0.25,1.25,7.75,59.48043157175966,
AS14.13,2014-04-26,0.169494766505636,7.907000000000001,42.03569402985075,,,,,26.50736363636364,32.06969230769231,14.1359375,,,,,-1.8,1.6,8.8,80.21029347181319,
AS14.13,2014-04-27,0.2649346728151076,48.224875,39.168800766283525,,,,8.2165,136.5913,58.595285714285716,45.94316666666666,,34.964,,,-0.5,1.5,8.0,93.20017006283713,
AS14.13,2014-04-28,0.29876844002231007,37.31084615384616,40.06137908496732,,,,16.323,47.2553,49.57454545454545,41.42875,,,,,-1.6666666666666667,1.0,8.166666666666666,94.86106024018251,
AS14.13,2014-04-29,0.325002877061394,25.08225,34.095171717171716,,,,7.579,8.969681818181819,20.629777777777775,41.351333333333336,,,,,-1.25,1.25,8.5,56.0711538491549,
AS14.13,2014-04-30,0.29367141217445164,11.887625,32.21710256410256,,,,118.425,27.28225,37.3305,80.84066666666666,,,,,-1.1666666666666667,1.0,7.833333333333333,52.60438572168349,
AS14.13,2014-05-01,0.1467776308054086,15.903899999999998,31.383814814814816,,,,24.51075,91.83049999999999,46.60011111111111,53.7812,28.538,,,,-1.0,2.0,8.333333333333334,57.003734506337004,
AS14.13,2014-05-02,0.22384322876155907,28.872305555555556,44.433888111888116,,,,7.516222222222222,17.509857142857143,35.93892857142857,34.850857142857144,,,,,-1.4,0.8,8.0,69.20763558856514,
AS14.13,2014-05-03,,3.222909090909091,1.095,,,,,,9.862285714285715,,,,,,-0.75,1.0,7.25,4.6271333376566535,
AS14.13,2014-05-04,,,,,,,,,,,,,,,-1.0,1.0,8.0,,
AS14.14,2014-03-22,0.09600046671698097,18.44020512820513,53.908433333333335,35.568705882352944,46.834666666666664,,,39.656749999999995,35.13360377358491,,,4.044333333333333,,,-0.6,0.0,5.8,63.083335051831504,
AS14.14,2014-03-23,0.0664366525273635,20.442762845849803,52.610229508196724,15.02747619047619,79.81200000000001,,,25.400750000000002,36.44881081081081,,,,,,-0.6,0.2,6.0,50.22655368255358,
AS14.14,2014-03-24,0.08183477959828252,14.180410041841004,58.375983193277314,51.67622222222222,43.422450000000005,,,48.785999999999994,38.02468,42.0058,,,,,-1.0,0.25,6.5,63.687406093336,
AS14.14,2014-04-01,0.0520055667194414,9.366178571428572,11.89,,,,,8.0404,32.446,,,,,,0.0,0.4,6.2,20.518285705929717,
AS14.14,2014-04-02,0.06348750312481978,36.90116666666667,32.1526,,,,,7.0335,35.866,,,,,,-1.0,1.0,7.0,24.37103122472763,
AS14.14,2014-04-03,0.06938709391802698,27.34462711864407,33.99981818181818,,8.059,,,11.317666666666668,46.582,,,,,,-0.5,1.0,7.333333333333333,59.316474986076415,
AS14.14,2014-04-04,0.0038194444444444413,14.95775,18.144,,,,,7.868250000000001,,,,,,,-1.0,1.0,7.5,30.75409996509551,
AS14.14,2014-04-05,0.016678436911487748,29.336407407407407,107.92914285714286,,,,3.011,13.339400000000001,19.82,,,,,,-1.6,0.6,7.4,41.27497223350737,
AS14.14,2014-04-09,0.11708683473389359,28.365645161290324,23.79657142857143,,,,,7.603,13.054,,,,,,0.3333333333333333,1.0,8.0,52.30200002306986,
AS14.14,2014-04-10,0.052010804321728686,30.39803448275862,18.882,,,,,7.721666666666667,29.299,,,,,,-0.3333333333333333,1.0,6.666666666666667,36.803521716076375,
AS14.14,2014-04-12,0.06368182159869594,11.71025,,,,,,11.1195,,,,,,,0.0,1.0,7.5,19.33116670449575,
AS14.14,2014-04-13,0.0,14.8475,,,,,,,,,,,,,,,,14.86149990558625,
AS14.14,2014-04-14,0.006666666666666667,12.042142857142858,40.208,,,,,489.8525,,,,,,,0.0,1.0,7.5,29.798000010577127,
AS14.14,2014-04-15,0.0018079959256429832,140.9475,52.448,,,,,5.6786,5.162,,,,,,-1.0,0.3333333333333333,6.0,20.112624987959865,
AS14.14,2014-04-16,0.05852007469654529,140.48523684210528,13.135,,,,,13.815999999999999,,,,,,,0.5,0.25,6.0,24.766200002034502,
AS14.14,2014-04-18,0.020833333333333308,12.873125,19.6065,,,,,14.209999999999999,,,,,,,-1.0,0.0,6.5,35.56833338737487,
AS14.14,2014-04-23,0.04466630042821724,14.370972222222223,12.69575,,,,,15.460666666666668,14.192,47.435,,,,,-1.0,0.3333333333333333,7.0,28.588000007297673,
AS14.14,2014-04-24,0.06470588235294111,14.198777777777778,18.9125,,,,32.423,16.636000000000003,,23.5665,,,,,0.3333333333333333,1.0,7.333333333333333,34.45627778106267,
AS14.14,2014-04-25,0.005905695611577958,73.53940740740741,26.921894736842106,,,,,14.6872,,,,,,,0.8,1.4,8.0,38.36571426618669,
AS14.14,2014-04-27,0.003124999999999996,16.68692857142857,32.5406,,,,,14.169666666666666,,,,,,,0.0,1.0,7.666666666666667,73.19016667207096,
AS14.14,2014-04-29,0.0037037037037037,13.3476,13.621500000000001,,,,,4.567,,,,,,,,,,28.41849998633066,
AS14.14,2014-04-30,0.05674603174603173,12.116666666666667,8.086,,,,,9.246,,,,,,,1.0,1.0,7.0,19.11533334520128,
AS14.14,2014-05-01,0.08296407075071079,10.266461538461538,,,,,,10.236666666666666,179.511,,,,,,0.0,0.5,6.0,37.851125001907334,
AS14.14,2014-05-02,0.0125,9.63476,7.036,,,,,12.849499999999999,,,,,,,0.3333333333333333,1.0,6.666666666666667,22.174461548144993,
AS14.14,2014-05-03,0.0038194444444444413,14.81930303030303,19.580000000000002,,,,,13.2584,21.135,,,,,,0.2,1.0,6.8,34.709700012207044,
AS14.14,2014-05-04,0.0006944444444444417,11.022052631578948,14.7565,,,,,10.905199999999999,31.135,,,,,,0.0,0.8,6.8,23.60920003255207,
AS14.14,2014-05-05,0.006493506493506493,587.25675,17.386285714285716,,,,,7.563,,,,,,,-1.0,1.0,7.0,39.96620006561278,
AS14.15,2014-03-22,0.0710591929079324,25.5808,40.255,,,,,22.17,,,,,,,-0.4,1.0,7.0,51.22757148742676,
AS14.15,2014-03-23,0.1449275362318841,7.39775,522.718,,,,,10.102,,,,,,,0.2,1.0,7.0,187.48066671689364,
AS14.15,2014-03-24,0.0,23.52518181818182,12.735666666666667,,,,21.464,8.046,,,,,,,1.0,0.8,7.0,54.4324999650319,
AS14.15,2014-04-16,0.12390046296296292,44.79532258064516,97.84700000000001,,,,,18.638,,,23.129,,,,0.2,1.0,7.0,156.18899997075397,
AS14.15,2014-04-18,0.2605137395459973,11.659090909090908,45.498125,91.026,,,54.36833333333334,10.049,,103.633,,,,,-0.4,0.0,6.0,203.54985707146784,
AS14.15,2014-04-19,0.03125,32.8314,15.068,,,,,191.16750000000002,,,,,,,-0.2,0.8,7.0,90.49440002441398,
AS14.15,2014-04-20,,,,,,,,,,,,,,,0.0,1.0,7.0,,
AS14.15,2014-04-21,0.03125,11.726652173913042,178.4137,,,,40.5955,121.07115384615385,170.724,,,,,,-0.2,1.0,7.2,322.2692499756812,
AS14.15,2014-04-28,0.07,29.024124999999998,356.63166666666666,,32.21633333333333,,,14.0815,,,,,,,1.0,0.4,7.0,482.7269999980925,
AS14.15,2014-05-01,0.0,59.655,,,,,,,,,,,,,-0.2,0.0,6.6,59.6670000553131,
AS14.15,2014-05-07,0.0,,,,,,,,,,,,,,0.0,0.6,7.0,,
AS14.15,2014-05-08,,,,,,,,,,,,,,,0.5,1.0,7.0,,
AS14.16,2014-03-17,0.06071428571428575,3.9402500000000003,43.467699999999994,,,,,15.073,216.303,,,,,,-0.6,0.6,7.2,79.36699994405109,
AS14.16,2014-03-19,0.005627705627705628,6.469799999999999,,17.332,,,,11.088,,,,,,,0.0,0.6,6.4,8.785666704177864,
AS14.16,2014-03-24,0.10731287707390641,6.160416666666666,22.279199999999996,,3.016,,,10.417,81.677,,,,,,0.0,0.8,6.4,30.60126668612164,
AS14.16,2014-03-28,0.08746898327453533,5.697666666666667,23.414176470588234,,,,,,,,,,,,-0.75,0.75,6.5,25.956699991226184,
AS14.16,2014-04-03,0.012361111111111111,3.730545454545455,57.838,1.014,,,,8.5775,10.33925,,,,,,-0.5,0.3333333333333333,6.25,34.704750001430526,
AS14.16,2014-04-06,0.19987749808992267,10.322268292682928,28.07261111111111,28.9432,,,,8.062,30.967,,,19.138,5.22,,-0.6666666666666666,1.0,6.75,66.91016665101047,
AS14.16,2014-04-11,0.03957364341085266,4.759047619047619,32.40984615384615,,,,,5.014,27.423,,,,,,1.0,1.0,7.0,22.430187478661523,
AS14.16,2014-04-21,0.009197324414715692,13.47011111111111,68.75514285714286,62.525,,,,14.093,33.32,,,,,,1.0,1.0,7.25,46.20356248319148,
AS14.16,2014-05-04,0.09635942760942762,18.796078947368425,28.33811111111111,,29.127,,,15.073,58.853,,11.114,13.048,,,0.0,1.0,7.0,38.449277785089244,
AS14.16,2014-05-05,0.012931034482758626,4.6171,,226.15325,,,,,,,,,,,1.5,1.0,7.333333333333333,316.97199988365156,
AS14.17,2014-03-07,,,,,,,,,,,,,,,0.75,1.0,7.5,,
AS14.17,2014-03-08,,,,,,,,,,,,,,,0.4,0.8,7.6,,
AS14.17,2014-03-10,,,,,,,,,,,,,,,0.6666666666666666,0.6666666666666666,7.333333333333333,,
AS14.17,2014-03-11,,,,,,,,,,,,,,,0.0,0.4,6.2,,
AS14.17,2014-03-12,,,,,,,,,,,,,,,0.2,0.2,6.4,,
AS14.17,2014-03-14,,,,,,,,,,,,,,,1.0,1.0,8.0,,
AS14.17,2014-03-20,0.04230288377845706,4.018909090909091,28.5144375,249.904,,,,22.297,66.96692857142857,,,,,,,,,101.92049998044969,
AS14.17,2014-03-21,0.16797442845445734,419.3917826086957,126.76647272727273,199.40485714285714,,,9.841199999999999,9.032399999999999,70.77939130434783,,,,,,0.8,1.0,7.4,90.14679309417454,
AS14.17,2014-03-22,0.1927695875539844,32.6534262295082,107.2595806451613,277.75966666666665,,,,23.9475,58.95165217391304,21.57466666666667,,17.126,,,0.4,0.8,7.4,67.94000000845297,
AS14.17,2014-03-25,0.06202266865015754,4.04125,33.922552631578945,179.1651,,,269.322,6.775,54.957840000000004,,,4.933,,,0.5,1.0,7.5,66.00220754011623,
AS14.17,2014-03-27,0.0906331678707439,6.989273684210526,97.80302,145.4567142857143,,,,9.0424,28.85596153846154,43.86116666666666,,,,,0.4,0.6,7.2,86.94226867761184,
AS14.17,2014-03-30,0.008333333333333331,9.386166666666666,18.05594117647059,,,,,8.07475,112.483,59.765,,,,,1.0,1.0,8.0,39.43559997876488,
AS14.17,2014-03-31,0.09798605176533887,5.832858695652175,27.675290909090908,186.41680000000002,,,,38.74973333333333,131.91438095238095,482.03570588235294,,26.271,,,0.5,1.0,7.25,100.61508623073838,
AS14.17,2014-04-07,0.04899951284861772,4.286205128205128,29.23790625,291.21799999999996,,,,7.731000000000001,102.56616666666667,,,,,,1.0,1.0,7.0,247.23345715659,
AS14.17,2014-04-09,0.10923143184508001,7.904750000000001,15.8705,83.82632692307692,,,54.02885714285714,15.287833333333333,58.09671428571429,7.18318918918919,,4.031,,,0.25,1.0,7.0,41.70604347590334,
AS14.17,2014-04-10,0.10077388350248441,7.222848101265823,31.88672641509434,139.887,,,51.252,23.289749999999998,84.06521739130434,21.623625,,,,,1.0,1.0,6.75,85.55735789349211,
AS14.17,2014-04-11,0.20737365024236556,5.445121827411168,12.3973,952.045,,,,7.8964,11.49756,7.05545,,19.147,,,0.4,1.0,7.2,11.51095283031464,
AS14.17,2014-04-12,0.16595320188693283,6.5365988372093025,16.983742424242426,211.01125,,,,7.829599999999999,7.319920000000001,,,,,,0.4,1.0,7.2,14.989086260049113,
AS14.17,2014-04-13,0.0756640189523358,5.830615384615385,26.25137735849057,173.36405555555555,,,,11.0056,67.73839473684211,51.5035,,20.159,,,-0.2,1.0,7.2,84.42392552913503,
AS14.17,2014-04-19,0.16723933497618126,4.365666666666667,13.800366197183099,,,,,8.7178,20.426076923076923,,,,,,1.0,1.0,7.0,19.446318861367033,
AS14.17,2014-04-20,0.12116526023672414,4.3254062499999995,23.421329268292684,191.66183333333333,,,256.297,8.6116,51.550260869565214,65.28866666666666,,,,,0.4,1.0,7.2,63.585904460044375,
AS14.17,2014-04-28,0.09738745436440811,4.701014084507042,29.58969230769231,224.29733333333334,,,37.02171428571428,8.947799999999999,26.54741379310345,51.598875,,3.079,,,0.75,0.3333333333333333,6.75,57.99531110392675,
AS14.17,2014-04-29,0.11043061827109142,5.604365853658536,19.791533333333334,114.8792142857143,,,,7.112399999999999,55.941315789473684,170.9094,,,,,0.8,1.0,7.0,52.42633979065904,
AS14.17,2014-04-30,0.12463316853668994,244.37993617021277,52.20403174603175,54.5745,30.276,,,8.876000000000001,69.0029090909091,30.149538461538462,,34.883,,,1.0,1.0,7.0,43.221763152825226,
AS14.17,2014-05-04,0.014882726356802151,9.588333333333335,66.02059999999999,,,,,6.61375,31.4755,,,,,,,,,196.32009680040423,
AS14.17,2014-05-05,0.12082519677085117,4.275,25.605277777777776,20.078,,,,5.556,127.84333333333332,38.09316666666667,,15.985333333333335,,,1.0,1.0,7.5,56.58786485001848,
AS14.19,2014-05-04,0.06944999498758414,56.00082352941177,79.18129545454545,,,,,12.700199999999999,43.49918181818182,,,,,,-0.4,0.8,6.6,46.198051728051276,
AS14.19,2014-05-05,0.0,,6.098,,,,,,,,,,,,0.25,1.0,7.0,6.10800004005432,
AS14.20,2014-03-20,,30.207857142857144,6.086,43.303,,31.647,,,47.557,,545.854,,,,-1.0,1.0,7.0,73.88019995689392,
AS14.20,2014-03-21,,30.088,,,,,,,,,,,,,0.25,0.25,7.0,30.0939998626709,
AS14.20,2014-03-22,0.007716049382716034,14.9355,16.788958333333333,,,,,14.5595,3.013,,214.219,,,,1.0,0.5,7.5,48.91609375923873,
AS14.20,2014-03-25,0.07893518518518522,15.863963636363637,15.154124999999999,87.318,,115.79533333333332,,16.315625,47.553363636363635,,37.002500000000005,14.771500000000001,,,-0.75,-0.5,6.0,40.89140000343325,
AS14.20,2014-03-26,0.025762156714537646,28.542000000000005,11.540285714285714,123.56033333333335,,,,9.116375,43.420625,,,,,,0.4,0.4,6.8,41.57316666179235,
AS14.20,2014-03-27,0.05700000000000001,17.59307692307692,23.0108,8.8744,,208.24033333333333,,,13.193473684210527,,,,,,0.25,0.75,7.0,43.5765862218265,
AS14.20,2014-03-28,0.02380952380952381,29.196214285714287,14.816555555555558,,,,,8.027,,,,,,,0.5,0.0,6.25,27.091294106315182,
AS14.20,2014-04-02,0.06712962962962966,13.09597435897436,23.8556,37.195499999999996,,,,18.118,78.9297,46.717000000000006,,,,,0.0,0.25,6.5,75.8909333546957,
AS14.20,2014-04-04,0.01574074074074075,10.608807692307693,18.580975609756095,,9.424875,546.803,,13.834666666666665,72.8066,,,,,,0.75,0.5,7.0,40.50680390058779,
AS14.20,2014-04-13,0.0,6.2255,,,,569.675,,,,,,,,,0.0,0.6,6.8,5.01699995994568,
AS14.20,2014-04-15,0.10694444444444444,6.948933333333333,15.60674074074074,24.137,,,,14.144,13.5541,,,,,,0.0,0.6,6.8,18.911675672273383,
AS14.20,2014-04-18,0.006430041152263367,13.138833333333332,,,,,,,4.877666666666666,,,,,,0.0,0.5,6.75,11.693374961614603,
AS14.20,2014-04-19,0.0362707535121329,10.529285714285715,31.257426666666664,,,196.45,,,35.379,,3.01,,,,0.0,1.0,7.5,39.568791680865814,
AS14.20,2014-04-27,0.01789285714285714,6.007636363636364,10.55121875,,,,,19.0805,155.455,,59.635,,,,0.0,0.0,6.8,33.356200011571254,
AS14.20,2014-04-28,0.05668667466986795,8.914035714285713,22.173823529411766,28.627857142857145,,187.00233333333335,,23.009999999999998,36.274272727272724,,,,,,0.0,0.2,6.8,53.08314284256526,
AS14.20,2014-04-29,0.0034722222222222337,27.323666666666668,52.7385,18.071,,,,,65.926,,,,,,0.25,0.75,7.25,104.8759999871255,
AS14.20,2014-04-30,,,,,,,,,,,,,,,0.2,0.6,7.0,,
AS14.20,2014-05-01,,,,,,,,,,,,,,,0.2,0.4,7.0,,
AS14.20,2014-05-02,,,,,,,,,,,,,,,0.2,0.2,7.2,,
AS14.20,2014-05-03,,,,,,,,,,,,,,,0.0,0.5,6.75,,
AS14.20,2014-05-04,,,,,,,,,,,,,,,0.0,0.6666666666666666,7.333333333333333,,
AS14.20,2014-05-05,,,,,,,,,,,,,,,0.0,0.0,7.0,,
AS14.23,2014-03-24,0.3554132307808778,26.189233009708737,18.44596,141.3785,,,,23.353526315789473,43.826241379310346,39.085,28.0964,3.016,,,-0.2,-0.2,5.8,46.077979512879104,
AS14.23,2014-03-25,0.2749540512858405,21.629851485148517,30.290984210526318,349.08910526315793,,,,23.586,,45.098,32.120374999999996,,,,-0.4,0.6,6.2,114.87389839141763,
AS14.23,2014-03-27,0.3562184343434343,18.962622641509434,54.88964705882353,250.1976875,,112.3206,,10.31011111111111,15.102,42.16,476.95799999999997,,,,0.75,1.25,7.0,102.50803370422196,
AS14.23,2014-03-28,0.40541208791208794,10.331565217391304,29.506020270270273,129.07225,,40.708749999999995,,8.591333333333333,,6.021,,,,,0.6,1.2,7.0,46.48895796807874,
AS14.23,2014-03-29,0.39717587768909013,22.49261111111111,23.053708333333333,43.273312499999996,,48.83123943661972,,10.224416666666666,24.294,14.029250000000001,20.678166666666666,,,,0.25,1.5,7.25,40.11655303023078,
AS14.23,2014-04-01,0.5112974987974988,11.200867346938775,32.766245989304814,71.6305,,25.2994,141.805,7.130599999999999,18.291818181818183,59.922666666666665,40.7957,35.176,,,0.0,2.0,7.5,48.9544733991014,
AS14.23,2014-04-08,0.23011788048552753,14.817528571428573,30.76424342105263,75.2619,,26.546999999999997,,12.998375,192.64175,63.9735,21.288333333333334,7.28925,,,0.2,0.6,6.6,106.56967163975557,
AS14.23,2014-04-09,0.381734291349676,17.164526315789473,34.51573831775701,53.434999999999995,,115.422,,12.486749999999999,29.671000000000003,,,,,,-0.4,1.2,7.2,48.38752632141113,
AS14.23,2014-04-12,0.3283472785449071,8.750208333333333,28.210043103448275,189.47422222222224,,75.31375,,10.4435625,20.409285714285716,19.5,37.556875,,,,-0.25,1.0,7.75,53.353967737766965,
AS14.23,2014-04-14,0.2996068252948132,23.203961538461538,31.447105555555556,5.753666666666667,,214.53704545454548,,,12.473,34.6228,102.50699999999999,,,,,,,67.39914523955837,
AS14.23,2014-04-17,0.479780409353968,29.085660000000004,46.956569696969694,39.708,,59.45666666666667,68.80164516129032,31.913062500000002,84.255,31.186,31.163600000000002,,,,1.0,1.4,7.4,64.91061979159713,
AS14.23,2014-04-19,0.34415584415584416,7.2478750000000005,21.412679012345677,5.035,,66.818,,9.571857142857143,,,48.51625,8.0295,,,0.0,1.0,7.75,25.82619564947874,
AS14.23,2014-04-21,0.4115224636722278,8.704083333333333,28.627280373831777,119.7336,,,,17.037909090909093,10.8275,,8.454,,,,-0.4,1.0,7.2,38.58693157622688,
AS14.23,2014-05-01,0.3654355127589001,14.242738095238096,42.948524590163935,64.59091428571429,,,,4.018,39.75363636363636,30.695666666666668,40.8776,23.138,,,,,,60.86380443537806,
AS14.23,2014-05-02,0.3977781266309966,12.996063829787236,24.224902702702703,70.565,,,279.9149090909091,,,41.285000000000004,,,,,,,,53.491383237039265,
AS14.23,2014-05-03,0.5661706349206349,14.2643125,14.236114285714287,29.68,,,,,10.655333333333333,,,,,,,,,18.451426358185994,
AS14.23,2014-05-04,0.217948717948718,13.008333333333333,40.8626724137931,27.999199999999995,,,,,20.568,,,,,,,,,55.63626532651939,
AS14.24,2014-04-21,0.0156728927203065,7.5875,101.9365,,,,,7.90975,52.29119047619048,,6.546142857142857,6.206666666666666,,,0.5,1.0,7.5,130.86846663157152,
AS14.24,2014-04-27,0.0659523518195497,8.636217391304347,54.51130434782608,,,,,8.4245,53.183499999999995,,,,,,-1.0,0.75,7.0,61.30061108536188,
AS14.24,2014-05-01,0.11590702540083282,16.357175925925926,61.11847368421053,,,,,9.8646,128.78433333333334,,,,,,-0.8,1.0,7.4,118.86017142704557,
AS14.24,2014-05-02,0.0742442660108813,14.730304347826088,69.168,,,,,12.844249999999999,111.97179999999999,,5.015,,,,-1.0,1.0,7.0,111.83584212001995,
AS14.24,2014-05-04,0.11647554395081122,25.00138961038961,40.27288636363637,,,,10.3572,10.3455,22.098,,285.084,,,,-0.5,1.0,7.5,45.72443011242855,
AS14.24,2014-05-05,0.09047478797787512,6.720785714285714,87.6255172413793,,,,,12.167000000000002,54.18683333333333,,156.617,,,,-0.6666666666666666,0.3333333333333333,6.0,116.02277419644014,
AS14.24,2014-05-07,0.0135513811833725,10.494268518518519,72.04822727272727,,,,,16.2118,10.719166666666666,,,2.8207999999999998,,,1.0,0.75,7.0,94.1180158985985,
AS14.24,2014-05-24,0.011447603234842322,7.1575999999999995,29.017884615384617,,,,,13.637,17.777375,,,,,,0.0,0.8,7.2,55.417749975408846,
AS14.24,2014-05-29,0.01857181693744216,18.567009090909092,38.44953947368421,,,,,10.139,9.85335,,,,,,-0.4,0.8,7.0,54.49458440557704,
AS14.24,2014-05-31,0.21251956201963162,15.407463768115942,48.03815384615385,,,,,7.019,,,,,,,1.0,1.0,7.0,31.575518515374938,
AS14.24,2014-06-08,0.07951018024032033,19.521611111111113,187.7575,,,,,9.034500000000001,190.76,,,,,,-1.5,1.0,6.5,161.59971421105527,
AS14.24,2014-06-09,0.25,,,,,,,,,,,,,,,,,,
AS14.25,2014-05-06,0.08124713039485765,9.928886666666667,67.78665217391304,125.38827272727272,,207.4175,25.391,39.80023076923077,364.47866666666664,37.994,100.13058333333333,,26.116999999999997,,,,,119.08240336129654,
AS14.25,2014-05-08,0.05208333333333331,15.224092592592593,57.63673684210526,58.18033333333333,,75.29079999999999,,25.3738,259.2185,51.856500000000004,,,13.111,,0.0,0.5,7.0,104.44949997322901,
AS14.26,2014-03-25,,,,,,,,,,,,,,,-0.2,0.2,6.6,,
AS14.26,2014-03-27,,,,,,,,,,,,,,,-0.2,0.2,6.2,,
AS14.26,2014-03-30,,,,,,,,,,,,,,,0.0,0.4,7.2,,
AS14.26,2014-03-31,,,,,,,,,,,,,,,0.6,0.4,7.0,,
AS14.26,2014-04-03,,,,,,,,,,,,,,,-0.2,0.6,6.8,,
AS14.26,2014-04-06,,,,,,,,,,,,,,,0.0,0.0,6.75,,
AS14.26,2014-04-08,,,,,,,,,,,,,,,0.0,0.0,6.4,,
AS14.26,2014-04-09,,,,,,,,,,,,,,,0.0,0.0,6.4,,
AS14.26,2014-04-10,,,,,,,,,,,,,,,-0.2,0.2,6.6,,
AS14.26,2014-04-12,,,,,,,,,,,,,,,1.0,1.0,7.75,,
AS14.26,2014-04-13,0.06821617232883435,7.135840909090908,22.9625625,94.7595,,,,13.136285714285714,148.7079375,,,,3.024,,-0.2,0.0,7.0,149.99465854575004,
AS14.26,2014-04-17,0.08151591851429837,12.149238461538461,31.434013698630135,,,,,8.453,87.8447,107.875,,,,,0.0,-0.2,6.0,85.94757747314338,
AS14.26,2014-04-19,0.2157844764147623,158.20301369863014,37.798321428571434,,,,,8.492,91.85538888888888,,,,,,1.0,1.0,8.0,81.78912822405505,
AS14.26,2014-04-20,0.032867156570258786,4.8374342105263155,25.63794117647059,21.426333333333332,,,,12.6908,229.49076000000002,,,23.082,,,0.6,1.0,8.0,203.7089999880109,
AS14.26,2014-04-21,0.0939812012375572,7.574054054054054,33.52606349206349,190.543,,,,8.4854,168.4252222222222,,,22.112,,,-0.2,0.0,6.4,140.31343637379734,
AS14.26,2014-04-22,0.10722584231432682,28.436627705627703,32.11421951219512,,,,,9.2502,78.0037,,2.009,,3.1095,,0.5,1.0,7.25,72.92455771106941,
AS14.26,2014-04-29,0.09745980313029162,11.527897435897435,30.10172222222222,,,,,11.7508,75.91783333333335,,,,19.771,,0.6,0.4,6.6,68.56009093920392,
AS14.26,2014-04-30,0.0840277777777778,8.223484615384615,42.41462244897959,18.7885,,,,9.156,118.08084210526316,,,,,,-0.2,0.2,6.2,114.48898483767651,
AS14.26,2014-05-02,0.14302874533992213,6.160168067226891,49.44520588235294,102.27333333333333,,,,10.108,114.8576842105263,36.207,106.02925,,12.076,,0.2,0.8,7.2,69.77464707108106,
AS14.26,2014-05-04,0.017517786099947207,6.435507692307692,38.245799999999996,77.555,,,,11.271799999999999,145.25754166666667,,,,,,-0.2,0.4,7.4,170.07042306203098,
AS14.26,2014-05-08,0.10563206214689264,57.495925438596494,25.644164948453607,129.85122222222222,,,,7.1116,51.861387096774195,,90.08436363636363,,11.103142857142856,,-0.2,0.4,6.6,121.26243999481204,
AS14.26,2014-05-09,0.11315028129896026,102.71358659217877,27.164765306122447,146.56366666666665,,,,12.8918,117.60033333333334,,48.784,30.225,26.515,,0.2,0.6,6.8,84.2682371041209,
AS14.26,2014-05-12,0.015353740366202982,19.640048484848485,35.67764761904762,108.99799999999999,,,,6.3073999999999995,73.56317948717948,,61.368,24.091,,,0.0,0.4,6.4,104.35187500715259,
AS14.26,2014-05-13,0.12987183524450582,23.261801801801802,27.61339285714286,41.431,,,,6.739199999999999,81.37089285714286,,2.008,,,,0.4,0.6,7.0,68.89417592905185,
AS14.26,2014-05-15,0.14130829682300272,9.825879194630872,67.82263636363636,62.04299999999999,,,,5.8734,67.47241666666667,70.374,,24.071,,,0.2,0.2,6.4,167.92702564826376,
AS14.26,2014-05-20,0.11844070961718021,10.158695035460992,41.1365306122449,51.644,,,,8.0322,142.38673469387757,106.591,51.963499999999996,,,,-0.4,0.8,7.6,169.25156251341105,
AS14.26,2014-05-27,0.027135701676887915,28.484353846153844,63.674510638297875,49.388400000000004,,,,6.6659999999999995,85.99571739130434,,51.333,27.128,16.3955,,0.0,-0.2,5.8,141.8545500079791,
AS14.26,2014-05-29,0.0285714285714286,3.1067142857142858,18.806,,,,,3.5244999999999997,,,,,,,0.0,0.8,7.4,64.94699994723001,
AS14.26,2014-05-30,,,,,,,,,,,,,,,-0.4,0.0,6.4,,
AS14.27,2014-04-07,0.08437499999999999,7.1230618556701035,92.08434482758621,,,40.41,,13.992799999999999,65.6997,58.36,,,,,1.0,0.8,7.6,74.89101752063695,
AS14.27,2014-04-08,0.0711805555555556,13.5435125,56.81185714285714,,,51.182399999999994,,17.485333333333333,84.01977777777778,45.169,,,,,-0.6,0.8,7.6,57.623596145556526,
AS14.27,2014-04-09,0.11215277777777777,5.646751824817518,46.36173770491803,,,48.215500000000006,,36.350142857142856,92.19890000000001,37.4822,,,,,0.4,0.8,7.0,68.41820271272921,
AS14.27,2014-04-14,0.08090277777777778,6.385378378378378,26.186157894736844,,,23.317000000000004,,12.645199999999999,19.639,,,,29.347,,-0.8,0.8,7.6,24.94546805544102,
AS14.27,2014-04-15,0.09026916896235078,6.663035714285714,49.01113953488372,,,35.42675,,17.4862,83.82684615384616,49.035833333333336,,,,,-0.6,0.6,7.2,58.46154666582742,
AS14.27,2014-04-16,0.11818102240896362,5.722561728395061,51.79407843137255,,,56.538000000000004,,20.409200000000002,94.39255555555556,97.79776190476191,,,,,-1.4,1.0,7.8,65.56714706794888,
AS14.27,2014-04-19,0.054989495798319334,6.36432911392405,87.02751428571429,,,30.630555555555556,,13.753833333333333,43.57194285714286,,,,,,-0.25,0.5,7.5,49.866519460430396,
AS14.27,2014-05-04,0.08654003267973859,15.79434437086093,61.74461363636363,,,17.422,,14.252799999999999,55.5629,,,,,,-0.2,0.6,7.4,52.169159292119794,
AS14.27,2014-05-05,0.16432475726422502,7.010567251461988,48.52679245283019,,,67.2575,,9.835,38.74336666666667,,,,,,0.0,0.6666666666666666,7.666666666666667,62.55561854175685,
AS14.27,2014-05-14,0.08833333333333336,5.911096774193548,62.8605,,,,,12.069500000000001,92.9168,,,,,,1.0,0.75,7.5,58.687611116303316,
AS14.27,2014-05-15,,,,,,,,,,,,,,,1.5,0.5,7.0,,
AS14.28,2014-03-31,0.024151166629980184,14.357684210526317,18.643,90.5005,53.16566666666666,,,20.274,62.83327272727272,,,3.0885,,,0.0,0.0,6.5,77.93487498164174,
AS14.28,2014-04-03,0.15111305136626185,24.094296028880866,37.84475,52.82352631578947,12.607333333333335,,,13.902666666666667,48.76639583333333,30.693,,,29.228333333333335,,0.0,1.25,8.0,59.90458170884578,
AS14.28,2014-04-05,0.027859790738960884,10.07164563106796,47.53329032258064,34.53216666666667,,76.2075,,14.828166666666666,53.6151,,8.355,13.977948717948717,5.05,,-0.8,0.8,7.6,72.09506361918015,
AS14.28,2014-04-06,0.012253036714243604,6.71589393939394,36.82646428571429,83.537,,,,10.099,69.88730000000001,,21.088,,,,-0.6,0.6,7.2,90.0297424179135,
AS14.28,2014-04-07,0.11166697899675819,47.53702553191489,40.13688235294118,90.16225000000001,7.879333333333334,18.955666666666666,,13.000399999999999,71.25911764705883,50.855999999999995,,,50.070499999999996,,0.2,1.25,8.0,96.33974790973825,
AS14.28,2014-04-08,0.09885041974956744,19.8042724137931,34.05637234042553,,,74.429,,11.478,47.04790476190476,60.47449999999999,19.103,,13.51375,,-0.2,1.0,7.8,41.15298884407768,
AS14.28,2014-04-10,0.22384842747091244,15.448815573770492,39.37890909090909,90.1585,6.426333333333333,21.615199999999998,,13.783199999999999,42.2748,36.44278947368421,,3.012,,,-1.0,0.5,7.0,58.80615106761028,
AS14.28,2014-04-12,0.037192555983025496,9.743649350649351,29.518866666666664,52.333777777777776,7.753166666666666,61.634125,,14.606399999999999,35.55916129032258,,50.387,50.54931578947369,14.090333333333334,,-0.75,1.25,7.8,63.79651111629276,
AS14.28,2014-04-15,0.11725857496542645,13.217070038910505,34.85605617977528,,11.792538461538461,67.38457142857143,,17.38566666666667,53.49647457627118,,,2.097,43.824,,-0.2,0.4,6.8,67.92141379487923,
AS14.28,2014-04-16,0.03589232647840624,19.53482722513089,45.25539436619718,291.084,10.927999999999999,4.053,,11.043600000000001,65.1368,,,,39.618,,0.6,-0.4,6.2,93.26824769842517,
AS14.28,2014-04-18,0.03475107975080799,10.737389830508475,53.56117777777778,38.96783333333334,10.222100000000001,121.838875,,10.2972,33.89125531914894,28.6632,9.035,22.484724137931035,35.589,,-0.2,0.0,5.8,68.61900652156157,
AS14.28,2014-04-20,0.03128380739640309,7.023478632478632,17.2104,92.98833333333333,,211.4,,9.2974,56.72257142857143,,,22.339142857142857,,,-0.4,1.0,7.8,64.30659303554269,
AS14.28,2014-04-21,0.07565666982961562,7.309746575342466,25.336543478260868,57.391,,13.487799999999998,,9.2864,59.24547826086956,42.89575000000001,43.577,16.0305,39.01,,-0.25,1.0,8.0,65.29251352194191,
AS14.28,2014-04-22,0.15725290411542997,32.22759274193548,46.08703333333333,526.931,,47.307,,9.2958,47.23639583333334,20.645555555555557,,10.1685,14.918666666666667,,-0.75,1.0,7.25,119.03826514337995,
AS14.28,2014-04-24,0.11913178112779041,13.2568669527897,49.711194444444445,139.19199999999998,,41.332,,10.4992,50.01372413793103,,,23.37815584415584,32.64125,,-0.2,1.2,8.0,61.1345729776331,
AS14.28,2014-04-25,0.13038495753560778,16.67778918918919,25.41144117647059,34.246,7.386666666666667,18.621499999999997,,11.6488,47.6092,22.38675,,10.033,15.6775,,-0.2,1.0,7.0,43.802524748415024,
AS14.28,2014-04-26,0.0330103700922375,6.718405172413793,20.702962962962964,19.47675,6.060499999999999,29.7165,23.264,11.218399999999999,50.93552777777777,129.18,40.239,,20.9114,,0.0,1.0,8.0,73.47230356931686,
AS14.28,2014-04-27,0.05314200021466893,5.75177380952381,38.594780487804876,32.87947058823529,6.853,25.665999999999997,,9.394666666666668,88.7062105263158,60.708333333333336,24.225,16.919857142857143,18.930222222222223,,0.25,0.5,7.25,184.1371052610247,
AS14.28,2014-04-28,0.09235672736208862,24.87410606060606,37.58822222222222,37.4995,,,,336.525,41.54871428571429,27.32166666666667,,7.022,,,-0.5,1.0,7.5,64.23769999742515,
AS14.28,2014-04-29,0.0,3.16,8.015333333333333,,,,,,,,,,,,-0.2,0.8,7.0,,
AS14.28,2014-04-30,0.030598256251653227,5.742027027027027,13.131344827586208,,,,,11.825,79.20759999999999,,59.238,12.065,,,-0.2,0.2,6.2,91.346533314387,
AS14.28,2014-05-04,0.029219101387488372,12.567329787234042,32.589564102564104,87.91266666666667,,123.78033333333333,,23.98914285714286,45.33926470588236,39.58833333333333,,19.0532,15.042,,-0.4,0.6666666666666666,6.8,79.37857546221537,
AS14.28,2014-05-05,0.06396706485711146,6.685010256410257,24.852283018867926,52.159,4.0165,153.348,,48.319272727272725,45.97661111111111,47.757,41.7905,23.896631578947368,26.735,,0.5,1.0,7.0,59.211152376447416,
AS14.28,2014-05-08,0.03576887078168944,26.763886597938146,34.55770588235294,,,148.867,,13.064,59.07557142857143,,,,,,0.0,0.5,6.5,52.34476471414755,
AS14.29,2014-04-03,0.18869134208890803,5.7832173913043485,23.664822784810127,,,,17.327933333333334,27.577999999999996,106.57035714285713,45.35850000000001,,,,,-1.0,0.25,7.25,49.86496202855168,
AS14.29,2014-04-07,0.19540927482103948,13.33195,40.16311290322581,47.142,,,5.243184210526316,23.497999999999998,71.13519417475729,,,,,,-0.6,0.2,7.2,78.26521678737826,
AS14.29,2014-04-09,0.0684037452212791,21.350454545454543,50.03039682539683,,,,6.968941860465116,12.3216,145.19631818181819,,,1.0074999999999998,,,0.4,0.4,7.6,81.41124638612722,
AS14.29,2014-04-11,0.018978234747998615,5.219799999999999,57.03315909090909,25.0595,27.183,,12.507658227848102,11.2578,63.4604,,,1.3469999999999998,,,0.2,0.6,7.2,95.6546111106873,
AS14.29,2014-04-13,0.0749941178856907,31.845583333333334,28.78043529411765,,,,4.584606557377049,8.070875000000001,101.44994736842105,44.4555,,,,,0.0,0.6,8.2,126.9945908920331,
AS14.29,2014-04-14,0.14115802099173552,24.781857142857145,37.650000000000006,45.734500000000004,,,6.938678571428571,25.222857142857144,94.65564285714287,,,,,,-0.8,1.0,8.0,84.33124732458465,
AS14.29,2014-04-20,0.008417145593869734,7.131099999999999,53.41242105263158,,,,4.818386363636364,17.693,42.31921052631579,,,,,,-0.5,0.75,7.5,90.72679412364964,
AS14.29,2014-04-21,0.11076388888888888,2.8354166666666667,31.65623076923077,,,,6.431470588235294,23.377375,85.5065,,,,,,0.0,0.4,7.2,87.13997675097269,
AS14.29,2014-04-27,0.044895598261322965,35.2522972972973,23.445973684210525,52.983666666666664,,,6.4636625,10.6506,154.87271875,,,,,,-0.75,0.0,6.5,112.35539682706197,
AS14.29,2014-04-28,0.07879215708108615,15.542666666666666,27.82382089552239,218.3172857142857,,,6.975224489795918,10.6594,97.10596153846154,65.38471428571428,,,,,-0.4,0.4,7.0,82.37212089129855,
AS14.29,2014-05-01,0.1318342937166134,7.994547619047619,36.80394736842105,,,,21.18401923076923,7.029999999999999,34.02065625,,,,,,0.0,0.4,7.6,56.056073383453786,
AS14.29,2014-05-06,0.08994613655738976,7.972500000000001,35.12873684210526,,,,18.755649484536082,2.007,59.8838,,,,,,,,,192.90560273928185,
AS14.29,2014-05-07,0.034468535029819836,2.6816666666666666,18.864521739130435,,,,5.758685714285714,124.378375,43.24061538461538,,,,,,-0.2,0.8,7.8,62.81793182546441,
AS14.29,2014-05-11,0.015175118928836287,6.848624999999999,63.504906976744195,,,,5.553468085106383,10.387500000000001,84.16053846153847,53.644,,,,,-0.8,0.4,7.0,152.6242711907726,
AS14.29,2014-05-14,0.125,,102.43249999999999,,,,7.171,,33.71825,,,,,,0.2,0.4,7.6,3.718000054359435,
AS14.29,2014-05-15,,,,,,,,,,,,,,,-0.5,0.0,6.0,,
AS14.30,2014-03-22,0.22079067100843272,13.359226804123711,106.13534567901235,128.22062499999998,,,,54.6509,158.66225,,24.109333333333336,5.725692307692308,,,-0.8,1.0,7.6,159.61101098637005,
AS14.30,2014-03-23,0.12125861139477381,9.411686868686868,79.57608064516128,257.9575454545454,,,,132.56283333333332,158.74345,,25.7045,7.6415999999999995,183.4685,,-0.6,1.0,7.8,276.3887413657943,
AS14.30,2014-03-24,0.1440737345192111,8.50204347826087,70.81544186046511,227.68723076923075,16.172666666666668,,45.81666666666666,125.71863636363636,122.58813793103448,,15.109,6.299666666666667,15.07,,-0.2,1.0,7.8,169.14002150361264,
AS14.30,2014-03-31,0.23451950855432138,6.316740458015268,72.6005076923077,77.06105555555555,,,,25.144,53.089999999999996,25.534,15.47925,4.641111111111111,,,-0.8,1.0,7.6,109.00681512896759,
AS14.30,2014-04-02,0.16374439803612317,6.4459117647058815,52.35878666666667,192.64307142857143,6.524,,,70.03323076923077,70.8391,,5.547000000000001,3.39525,,,-0.6,0.6,7.6,88.95857841594545,
AS14.30,2014-04-06,0.09103816788494115,18.10540625,54.65725714285714,284.73915384615384,,386.7958,,24.9572,108.74159999999999,,4.37,2.013,32.501666666666665,,-1.2,1.0,8.0,224.32743479376262,
AS14.30,2014-04-07,0.12195215470654065,22.80467415730337,90.3820297029703,212.10353846153845,,261.21866666666665,,25.03925,81.76633333333332,54.586000000000006,,5.362666666666667,24.962,,0.0,1.0,7.6,148.28420000943268,
AS14.30,2014-04-08,0.15902254583937586,34.88438317757009,80.85385227272728,263.37558333333334,8.5545,368.04150000000004,,29.888153846153845,85.3438125,3.011,2.016,15.936181818181819,,,-0.6,1.0,7.8,137.6786153724051,
AS14.30,2014-04-12,0.06133414489008874,17.086390625,124.13026923076924,262.363,,683.10225,,13.75509090909091,137.50276923076922,,,2.6816666666666666,,,-1.0,1.2,7.8,261.7599333551196,
AS14.30,2014-04-14,0.17082034310244312,8.965717557251908,53.550763636363634,136.61236842105265,,169.03625,,18.702555555555556,84.52910526315789,,,3.9857142857142853,,,-0.25,1.0,7.75,123.97280612527108,
AS14.30,2014-04-17,0.16125317321275243,14.2131953125,59.641119565217394,319.06696,10.617555555555555,407.08625,,42.62621428571429,85.62223809523809,,120.063,5.059888888888889,,,-0.8,1.0,7.6,201.52360825931902,
AS14.30,2014-04-18,0.041220468849386946,11.80368,86.74422222222222,486.52884615384613,13.496666666666668,540.616,,144.66590909090908,97.15478125,,63.287,4.684,,,-1.2,1.0,7.4,284.8782258110661,
AS14.30,2014-04-20,0.10913892761391042,10.963792207792208,105.56023404255319,196.10470588235293,,303.03366666666665,,48.78766666666667,71.99394444444445,,,10.312454545454544,,,-1.25,1.0,7.75,290.6090208242336,
AS14.30,2014-04-21,0.11113403727863057,7.572058823529412,158.12394545454544,168.20141176470588,6.065,4.021,,14.3096,74.11235483870968,,699.6585,10.4506,,,-1.6,1.0,7.8,267.0149811483779,
AS14.30,2014-04-23,0.09362551945885278,7.55694623655914,54.437155555555556,335.58275000000003,14.661875,94.599,,12.094727272727273,117.72905882352941,,,7.444,,,-1.4,1.0,7.6,96.42410280771338,
AS14.30,2014-04-24,0.13419763007341504,7.592986666666667,56.03766981132076,172.48222222222222,7.880571428571429,9.124,,10.378857142857143,192.2072142857143,,,4.545,,,-1.2,1.2,8.2,99.12632144774715,
AS14.30,2014-04-25,0.14113887003386044,17.128944444444443,45.20214285714286,329.6308888888889,,226.119,,29.863928571428573,59.157636363636364,65.332,30.215,7.74,,,-1.0,1.0,7.5,129.66552294941116,
AS14.30,2014-05-04,0.20972222222222214,20.548969696969696,51.778999999999996,294.07842857142856,,,,36.81955555555555,167.54183333333333,,,,,,-1.4,1.0,7.8,173.88622223889394,
AS14.30,2014-05-05,,,,,,,,,,,,,,,-1.0,1.0,8.0,,
AS14.31,2014-04-20,0.4026460998855776,11.171816666666667,23.422047619047618,117.873,,,11.313625,10.8846,20.86357142857143,23.826666666666668,,27.66222222222222,,,1.2,1.6,8.0,35.053962966542194,
AS14.31,2014-05-03,0.060900049006504496,8.9252,26.2000625,,,,2.112,24.299545454545456,53.183,,,231.586,,,1.0,1.2,7.4,79.28950000726277,
AS14.31,2014-05-04,0.0061580925942242085,11.140625,4.132,,,,,,,,,,,,0.8,1.0,7.2,16.58700002323497,
AS14.31,2014-05-05,0.008328883576947317,13.815000000000001,,,,,,14.034,,,,,,,0.75,1.0,7.0,80.49899995326996,
AS14.31,2014-05-07,0.25,27.33175,5.5175,,,,,,,,,,,,0.5,1.0,6.75,54.53999996185292,
AS14.31,2014-05-08,,,,,,,,,,,,,,,1.0,1.0,7.0,,
AS14.31,2014-05-09,,,,,,,,,,,,,,,0.6666666666666666,1.0,7.0,,
AS14.31,2014-05-10,,,,,,,,,,,,,,,1.0,1.0,7.333333333333333,,
AS14.31,2014-05-11,,,,,,,,,,,,,,,0.4,1.0,7.0,,
AS14.31,2014-05-12,,,,,,,,,,,,,,,1.0,1.0,7.0,,
AS14.31,2014-05-13,,,,,,,,,,,,,,,1.0,1.0,7.0,,
AS14.31,2014-05-14,,,,,,,,,,,,,,,1.0,1.0,7.0,,
AS14.31,2014-05-15,,,,,,,,,,,,,,,0.5,1.0,7.0,,
AS14.31,2014-05-17,0.026726726726726716,6.232,33.003,,,,,,,,,59.8665,,,,,,55.22800008455926,
AS14.32,2014-04-20,0.05523183859008613,29.294399999999996,103.149,11.26835,,,,6.122,,,,,,,,,,135.0630000014054,
AS14.32,2014-04-26,0.18462745393003588,,47.957975,14.108232142857144,,,,,,,,,,,,,,51.78275555504697,
AS14.32,2014-05-12,0.11047802993722843,,92.03833333333334,15.237499999999999,,,,6.515000000000001,,,,,,,-0.6,0.2,7.2,58.983142835753355,
AS14.32,2014-05-13,0.09025387263339067,21.449272727272724,95.617,5.866333333333333,,,,,,,,,,,,,,67.6721428462437,
AS14.32,2014-05-14,0.164353897343588,53.93075,187.80450000000002,22.2414,,,,,,,,,,,,,,234.43866658210743,
AS14.33,2014-04-20,0.030758153108671048,4.402578947368421,70.02726086956521,138.77345454545454,,,,12.169599999999999,79.68253191489362,,,3.01,,,0.0,1.2,7.4,217.92965998649595,
AS14.33,2014-04-21,0.03946064627478817,6.1490495049504945,63.20204545454545,74.02615384615385,,,,10.545833333333333,152.38768333333334,3.019,,4.208,,,0.0,0.6,7.2,215.6498510533189,
AS14.33,2014-05-11,0.011163426997135429,3.6096249999999994,36.03921428571429,29.803083333333333,,,,10.7102,109.34063157894738,4.027,,,,,0.0,0.4,6.0,144.22578379914566,
AS14.33,2014-05-14,0.003985507246376809,6.113181818181818,26.813666666666666,136.70175,,,,14.423,220.86894117647057,,,,,,-0.3333333333333333,0.4,6.833333333333333,244.0693529213175,
AS14.33,2014-05-18,0.017732347673809202,17.874889610389612,85.93733333333334,63.26666666666667,,,,12.526599999999998,118.61031506849315,,,3.7069999999999994,,,-0.6,0.2,6.0,304.49520000616707,
AS14.33,2014-05-19,0.009146799328914145,4.7174901960784315,33.11727272727273,106.97800000000001,,,,15.0345,125.02726923076922,,,,,,-0.2,0.2,6.2,162.99722581525,
AS14.33,2014-05-20,0.018382148211167647,7.9888360655737705,96.3878888888889,131.2664,,,,11.3605,155.14991891891893,,2.01,,,,-0.5,0.5,6.25,292.84022225273947,
AS14.33,2014-05-21,0.017180909720209924,9.58955072463768,69.80430769230769,71.1068,,,,11.320166666666665,121.85502000000001,,,,,,-0.6666666666666666,-0.2,6.0,244.26804999709125,
AS14.33,2014-05-24,0.014286099512012292,11.420807228915663,41.92429629629629,80.71535714285713,,,,13.071833333333332,107.5909245283019,,,,,,-0.75,0.25,6.4,157.6102753653042,
AS14.33,2014-05-31,,,,,,,,,,,,,,,-2.0,1.0,7.0,,
